-- phpMyAdmin SQL Dump
-- version 5.2.1
-- https://www.phpmyadmin.net/
--
-- Host: 127.0.0.1
-- Generation Time: Jan 02, 2025 at 11:41 AM
-- Server version: 10.4.32-MariaDB
-- PHP Version: 8.2.12

SET SQL_MODE = "NO_AUTO_VALUE_ON_ZERO";
START TRANSACTION;
SET time_zone = "+00:00";


/*!40101 SET @OLD_CHARACTER_SET_CLIENT=@@CHARACTER_SET_CLIENT */;
/*!40101 SET @OLD_CHARACTER_SET_RESULTS=@@CHARACTER_SET_RESULTS */;
/*!40101 SET @OLD_COLLATION_CONNECTION=@@COLLATION_CONNECTION */;
/*!40101 SET NAMES utf8mb4 */;

--
-- Database: `recipe_database`
--

-- --------------------------------------------------------

--
-- Table structure for table `comments`
--

CREATE TABLE `comments` (
  `id` int(11) NOT NULL,
  `recipe_id` int(11) NOT NULL,
  `user_id` int(11) NOT NULL,
  `rating` int(11) NOT NULL CHECK (`rating` >= 1 and `rating` <= 5),
  `comment_text` text NOT NULL,
  `created_at` timestamp NOT NULL DEFAULT current_timestamp()
) ENGINE=InnoDB DEFAULT CHARSET=utf8mb4 COLLATE=utf8mb4_general_ci;

--
-- Dumping data for table `comments`
--

INSERT INTO `comments` (`id`, `recipe_id`, `user_id`, `rating`, `comment_text`, `created_at`) VALUES
(7, 9, 1, 4, 'อร่อยมากครับ', '2024-11-10 20:26:13'),
(8, 9, 3, 5, 'สุดยอดดดด', '2024-11-10 20:26:56'),
(9, 9, 4, 5, 'น่ากิน', '2024-11-11 10:08:18'),
(14, 42, 1, 5, 'อร่อยมากครับ', '2024-12-17 16:51:35'),
(15, 40, 1, 5, 'รสชาติแปลกใหม่ดีครับ', '2024-12-17 16:52:06'),
(16, 39, 1, 4, 'อร่อยครับ', '2024-12-17 16:52:27'),
(17, 38, 1, 3, 'ส่วนตัวผมไม่ค่อยชอบเท่าไหร่', '2024-12-17 16:52:52'),
(18, 37, 1, 5, 'อร่อยมากครับ', '2024-12-17 16:53:27'),
(19, 36, 1, 5, 'ทำง่ายมากๆครับ', '2024-12-17 16:54:04'),
(20, 33, 1, 5, 'กลิ่นหอมมากครับ', '2024-12-17 16:54:32'),
(21, 34, 1, 3, 'ส่วนตัวไม่ค่อยชอบครับ', '2024-12-17 16:55:12'),
(22, 35, 1, 4, 'แปลกใหม่ดีครับ', '2024-12-17 16:55:53'),
(23, 32, 1, 5, 'อร่อยยย', '2024-12-17 16:56:18'),
(24, 31, 1, 4, 'อร่อยย', '2024-12-17 16:56:32'),
(25, 30, 1, 5, 'กลิ่นหอมมากครับ', '2024-12-17 16:56:53'),
(27, 7, 1, 5, 'ผมทำออกมาไม่สวยเหมือนในรูปเลยครับ', '2024-12-17 16:57:44'),
(28, 29, 1, 3, 'รสชาติเฉยๆ', '2024-12-17 16:58:06'),
(29, 42, 3, 3, 'ไม่ค่อยอร่อย', '2024-12-17 17:00:00'),
(30, 40, 3, 5, 'อร่อยมากก', '2024-12-17 17:00:22'),
(31, 39, 3, 4, 'เฉยๆ', '2024-12-17 17:00:41'),
(32, 38, 3, 5, 'อร่อยดีนะคะ', '2024-12-17 17:01:13'),
(33, 37, 3, 4, 'อร่อย', '2024-12-17 17:02:02'),
(34, 33, 3, 2, 'ไม่ชอบกลิ่นเหล้า', '2024-12-17 17:02:41'),
(35, 34, 3, 4, 'อร่อยอยู่นะ', '2024-12-17 17:03:05'),
(36, 35, 3, 1, 'ไม่อร่อย', '2024-12-17 17:03:20'),
(37, 32, 3, 5, 'อร่อยย', '2024-12-17 17:04:04'),
(38, 31, 3, 5, 'อร่อยยย', '2024-12-17 17:04:27'),
(39, 30, 3, 5, 'อร่อยดีคะ', '2024-12-17 17:04:47'),
(40, 7, 3, 4, 'อร่อยย', '2024-12-17 17:05:30'),
(42, 29, 3, 4, 'อร่อยอยู่น้าา', '2024-12-17 17:06:25'),
(43, 40, 5, 3, 'ผมว่าแตงโมเปล่าๆอร่อยกว่าครับ', '2024-12-17 17:08:06'),
(44, 36, 5, 5, 'อร่อยยย', '2024-12-17 17:08:33'),
(45, 42, 5, 5, 'แปลกดีครับ', '2024-12-17 17:10:27'),
(46, 40, 8, 5, 'ลองทำตามแล้วค่ะ รสชาติดีมาก????', '2024-12-17 17:11:03'),
(47, 37, 5, 4, 'อร่อย', '2024-12-17 17:11:55'),
(48, 39, 5, 5, 'อร่อยครับ', '2024-12-17 17:12:08'),
(49, 39, 8, 4, 'หมี่4เส้นไม่พอค่ะแต่อร่อยยย', '2024-12-17 17:12:25'),
(50, 38, 5, 1, 'ไม่ชอบเลย', '2024-12-17 17:12:27'),
(51, 38, 8, 5, 'ชอบมาก', '2024-12-17 17:12:36'),
(52, 37, 8, 4, 'แงงงอร่อยTT', '2024-12-17 17:12:51'),
(53, 36, 8, 4, 'ฟินน ชอบกรอบมาก', '2024-12-17 17:13:10'),
(54, 37, 5, 4, 'ชอบเผ็ดๆ', '2024-12-17 17:13:28'),
(55, 34, 8, 5, 'ปกติไม่ชอบเมนูนี้ แต่ลองทำแล้วลองกินอร่อยมากกกก', '2024-12-17 17:13:42'),
(56, 34, 5, 5, 'นึกถึงตอนคุณแม่บุษราทำให้กินเลยครับ', '2024-12-17 17:14:00'),
(57, 33, 8, 3, 'รสชาติแปลก', '2024-12-17 17:14:12'),
(58, 33, 5, 5, 'เหล้ากินกับอะไรก็อร่อย555', '2024-12-17 17:14:25'),
(59, 35, 8, 3, 'ยากไปนิ้ดดดด รสชาติบอกไม่ถูก', '2024-12-17 17:14:33'),
(60, 35, 5, 3, 'ไม่ค่อยชอบ', '2024-12-17 17:15:01'),
(61, 32, 5, 5, 'อร่อยมากกกกกกกกกกกกก', '2024-12-17 17:16:15'),
(62, 31, 5, 5, 'อร่อยมากกกกก', '2024-12-17 17:16:33'),
(63, 30, 5, 5, 'อร่อยยยย', '2024-12-17 17:16:42'),
(64, 7, 5, 4, 'ไม่ค่อยชอบ', '2024-12-17 17:16:58'),
(65, 9, 5, 5, 'อร่อยยยยย', '2024-12-17 17:17:31'),
(66, 29, 5, 5, 'สุดยอดดดด', '2024-12-17 17:17:45'),
(68, 42, 8, 1, 'ไม่ชอบบบ', '2024-12-17 17:19:54'),
(69, 32, 8, 5, 'หอมมาก ไม่เคยทำพอลองทำแล้วยากแต่อร่อย งง55', '2024-12-17 17:20:17'),
(70, 31, 8, 3, 'ติดคอ มันเหนียวอะ ไฟอาจแรงไป', '2024-12-17 17:20:40'),
(71, 32, 8, 1, 'ลองทำรอบ2 แป้งไม่สุก', '2024-12-17 17:20:53'),
(72, 30, 8, 2, 'มันไม่ใส ไม่เป็นทรง แปลก ทำตามยากค่ะ', '2024-12-17 17:21:17');

-- --------------------------------------------------------

--
-- Table structure for table `notifications`
--

CREATE TABLE `notifications` (
  `id` int(11) NOT NULL,
  `user_id` int(11) NOT NULL,
  `recipe_name` varchar(255) NOT NULL,
  `message` text NOT NULL,
  `created_at` timestamp NOT NULL DEFAULT current_timestamp(),
  `is_read` tinyint(1) DEFAULT 0
) ENGINE=InnoDB DEFAULT CHARSET=utf8mb4 COLLATE=utf8mb4_general_ci;

--
-- Dumping data for table `notifications`
--

INSERT INTO `notifications` (`id`, `user_id`, `recipe_name`, `message`, `created_at`, `is_read`) VALUES
(4, 3, 'ใบกะเพา', 'สูตร \'ใบกะเพา\' ของคุณถูกลบด้วยเหตุผล: สูตรไม่มีรายละเอียด', '2024-11-18 22:32:49', 1),
(6, 6, 'พัทกะเพรา', 'เราเป็นเว็บไซต์สูตรอาหารเราไม่กินคนนะครับ:(', '2024-12-06 15:15:58', 1),
(7, 6, 'พัทกะเพรา', 'สูตร \'พัทกะเพรา\' ของคุณถูกลบด้วยเหตุผล: ลบก่อนน้า', '2024-12-08 09:06:16', 0),
(11, 3, 'ข้าวเหนียวมะม่วง', 'การรายงานสูตร \'ข้าวเหนียวมะม่วง\' ของคุณได้รับการตรวจสอบแล้ว', '2024-12-11 18:41:12', 1),
(12, 1, 'ข้าวเหนียวมะม่วง', 'กรุณาแก้ไขคำผิดในช่องวัตถุดิบ', '2024-12-16 02:22:11', 1),
(13, 7, 'ไข่ดาว', 'ใช้นำ้มันพืชมากเกินไป', '2024-12-16 03:04:42', 1),
(14, 7, 'ไข่ดาว', 'สูตร \'ไข่ดาว\' ของคุณถูกลบด้วยเหตุผล: ทดสอบลบ', '2024-12-16 03:13:12', 1),
(15, 3, 'ไข่ดาว', 'สูตร \'ไข่ดาว\' ที่คุณรายงานได้รับการตรวจสอบและถูกลบโดยแอดมิน', '2024-12-16 03:13:12', 1),
(16, 1, 'ขนมขี้มอด', 'การรายงานสูตร \'ขนมขี้มอด\' ของคุณได้รับการตรวจสอบแล้ว', '2024-12-18 07:03:26', 1),
(17, 1, 'ขนมขี้มอด', 'การรายงานสูตร \'ขนมขี้มอด\' ของคุณได้รับการตรวจสอบแล้ว', '2024-12-18 07:37:29', 1),
(18, 1, 'ขนมขี้มอด', 'การรายงานสูตร \'ขนมขี้มอด\' ของคุณได้รับการตรวจสอบแล้ว', '2024-12-18 14:52:26', 1),
(19, 1, 'แตงโมปลาแห้ง', 'การรายงานสูตร \'แตงโมปลาแห้ง\' ของคุณได้รับการตรวจสอบแล้ว', '2024-12-18 15:29:21', 1),
(20, 1, 'ขนมชั้นใบเตยโรล', 'แก้คำผิดด้วยนะครับ', '2024-12-18 17:07:54', 1),
(21, 9, 'ข้าวเหนียวมะม่วง', 'สูตรสะกดคำผิด', '2024-12-24 06:03:25', 1),
(22, 9, 'แตงโมปลาแห้ง', 'การรายงานสูตร \'แตงโมปลาแห้ง\' ของคุณได้รับการตรวจสอบแล้ว', '2024-12-24 06:03:57', 1);

-- --------------------------------------------------------

--
-- Table structure for table `recipe`
--

CREATE TABLE `recipe` (
  `id` int(11) NOT NULL,
  `recipe_name` varchar(255) NOT NULL,
  `ingredients` text NOT NULL,
  `steps` text NOT NULL,
  `source` varchar(255) DEFAULT NULL,
  `food_category` varchar(255) DEFAULT NULL,
  `image_path` varchar(255) DEFAULT NULL,
  `created_at` datetime DEFAULT current_timestamp(),
  `rating` float DEFAULT 0,
  `user_id` int(11) DEFAULT NULL,
  `updated_at` datetime DEFAULT NULL
) ENGINE=InnoDB DEFAULT CHARSET=utf8mb4 COLLATE=utf8mb4_general_ci;

--
-- Dumping data for table `recipe`
--

INSERT INTO `recipe` (`id`, `recipe_name`, `ingredients`, `steps`, `source`, `food_category`, `image_path`, `created_at`, `rating`, `user_id`, `updated_at`) VALUES
(7, 'อาลัวกุหลาบนมสด', '1.แป้งเค้ก 1/2 ถ้วย\n2.กะทิ 1/4 ถ้วย\n3.นมสด 1 ถ้วย\n4.น้ำตาลทรายขาวบริสุทธิ์ ตรามิตรผล 1/3 ถ้วย\n5.สีผสมอาหารสีเขียวและสีชมพู', '1.ผสมแป้งเค้กกับน้ำตาลทรายขาวบริสุทธิ์ ตรามิตรผล ใส่กะทิ คนให้เข้ากัน\nใส่นมสด คนให้แป้งละลายเข้ากัน กรองด้วยกระชอนใส่กระทะเทฟลอน\n2.ยกกระทะตั้งไฟปานกลาง กวนให้สุกจนข้น ยกลง\n3.แบ่งส่วนผสมแป้งเล็กน้อยใส่สีเขียว คนให้เข้ากัน ตักใส่ถุงบีบหัวใบไม้\n4.ส่วนแป้งที่เหลือใส่สีชมพู คนให้เข้ากัน ใส่ถุงบีบหัวกลีบกุหลาบ\n5.วางกระดาษรองอบบนร่มแต่งหน้าเค้ก (อุปกรณ์สำหรับทำกุหลาบแต่งหน้าเค้ก)บีบสีชมพูวนให้เป็นกลีบกุหลาบชั้นใน แล้วบีบต่อให้เป็นกลีบกุหลาบชั้นนอกให้ซ้อนกันเล็กน้อยอย่างสวยงาม\n6.นำขนมออกจากร่ม เรียงใส่ถาดอบ นำไปอบลมร้อนที่อุณหภูมิ 50-60\nองศาเซลเซียสประมาณ 5-6 ชั่วโมง (ถ้าไม่มีเตาอบสามารถตากแดดจัดๆ 1-2 แดด)จนแป้งด้านนอกแห้ง เรียงใส่ภาชนะมีฝา แล้วนำไปอบควันเทียนไว้ให้หอมๆเป็นอันเสร็จ', 'สุมล ว่องวงศรี', 'ของหวาน', 'http://thaifoodanddessert.sytes.net/dessert_recipe/%E0%B8%AD%E0%B8%B2%E0%B8%A5%E0%B8%B1%E0%B8%A7%E0%B8%81%E0%B8%B8%E0%B8%AB%E0%B8%A5%E0%B8%B2%E0%B8%9A%E0%B8%99%E0%B8%A1%E0%B8%AA%E0%B8%94.png', '2024-11-08 01:43:39', 4.3, 4, '2024-12-18 00:16:58'),
(9, 'ลูกตาลลอยแก้ว', '1.ลูกตาลอ่อน 1 กิโลกรัม\n2.ใบเตยสดหั่นท่อนยาว 3-4 นิ้ว 4-5 ใบ\n3.น้ำตาลทรายขาว 1 ถ้วย\n4.น้ำตาลกรวด ตรามิตรผล 1/2 ถ้วย\n5.น้ำเปล่า 2 ถ้วย', '1.นำลูกตาลใส่ภาชนะแล้วแช่ช่องแช่แข็งไว้ 1 คืน\n2.ใส่ลูกตาลแช่แข็งลงแช่ในน้ำให้ลูกตาลแยกออกเป็นชิ้นๆ\n3.ค่อยๆใช้มือบี้ให้เปลือกลูกตาลออกซึ่งจะลอกออกง่ายมาก\n4.หั่นเนื้อลูกตาลเป็นชิ้นบางๆพักไว้\n5.ต้มน้ำกับ น้ำตาลทราย น้ำตาลกรวด ตรามิตรผล ใส่ใบเตยต้มต่อให้น้ำตาลละลายหมดและมีกลิ่นหอมของใบเตย ตักใบเตยออก\n6.ใส่เนื้อลูกตาลที่หั่นไว้ คนให้เข้ากัน\n7.ตักลูกตาลลอยแก้วใส่ถ้วย ใส่น้ำแข็ง เสิร์ฟเย็นๆ', 'สุมล ว่องวงศรี', 'ของหวาน', 'http://thaifoodanddessert.sytes.net/dessert_recipe/%E0%B8%A5%E0%B8%B9%E0%B8%81%E0%B8%95%E0%B8%B2%E0%B8%A5%E0%B8%A5%E0%B8%AD%E0%B8%A2%E0%B9%81%E0%B8%81%E0%B9%89%E0%B8%A7.png', '2024-11-08 23:57:03', 4.8, 4, '2024-12-18 00:17:31'),
(29, 'ขนมฝักบัว', '1.แป้งข้าวเจ้า 1/2 ถ้วย\n2.แป้งสาลีอเนกประสงค์ 1 ถ้วย\n2.น้ำตาลทราย 1/2 ถ้วย\n3.เกลือป่น 1/4 ช้อนชา\n4.น้ำใบเตย 1/4 ถ้วย', '1. ผสมแป้งสาลี แป้งข้าวเจ้า เกลือ และน้ำตาลเข้าด้วยกัน\n2. ค่อยๆ ใส่น้ำใบเตย นวดต่อให้เข้ากันจนข้น\nพักแป้งไว้ 20 นาที\n3. ตั้งกระทะใส่น้ำมันประมาณ 1/2 ถ้วย เปิดไฟปานกลาง\nค่อนข้างอ่อนให้น้ำมันร้อน\n4. ตักแป้งใส่ตรงกลาง รอจนแป้งเริ่มสุกจากด้านข้าง\nใช้ช้อนตักน้ำมันราดแป้งตรงกลางชิ้นจนสุก\nขอบแป้งเป็นสีน้ำตาล ตักขึ้น พักไว้ให้สะเด็ดน้ำมัน', 'สุมล ว่องวงศรี', 'ของหวาน', 'http://thaifoodanddessert.sytes.net/dessert_recipe/%E0%B8%82%E0%B8%99%E0%B8%A1%E0%B8%9D%E0%B8%B1%E0%B8%81%E0%B8%9A%E0%B8%B1%E0%B8%A7.png', '2024-12-08 16:17:42', 4, 4, '2024-12-18 00:17:45'),
(30, 'ขนมอินทนิล', '1.แป้งมันสำปะหลัง100 กรัม\n2.น้ำใบเตยเข้มข้น 500 มล.\n3.กะทิเรียลไทย 250 มล.\n4.น้ำลอยดอกมะลิ หรือหางกะทิ 100 มล.\n5.น้ำตาลทราย 90 กรัม\n6.เกลือ 1/2 ชช.\n7.ใบเตย', '1.ปั่นใบเตย คั้น แล้วกรองเอาน้ำใบเตยเข้มข้น.. จากนั้นเตรียมแป้งมันสำปะหลัง ค่อยๆใส่น้ำใบเตยลงไปคนให้ละลายเข้ากันดี\n2.ตั้งกระทะเปิดไฟอ่อนกวนให้แป้งสุกข้นขึ้น เหนียวดี (สามารถเติมน้ำตาลทรายลงไปเพิ่มความหวานให้ตัวแป้งได้)\n3.กวนต่อให้แป้งใส เหนียวรวมตัวเป็นก้อน พักไว้ให้แป้งเย็นลง..\n4.ทำน้ำเชื่อม ใส่น้ำลอยดอกมะลิ และน้ำตาลทราย มัดใบเตยลงไปให้หอม เติมเกลือนิดหน่อยเมื่อละลายดี.. เติมกะทิลงไป แล้วนำมาอบควันเทียน..\n(กะทิ ให้อบควันเทียนประมาณ 3-4 รอบ รอบละ 20 นาที หรือมากกว่านั้นได้เพื่อความหอมอบอวล)\n5.นิ้วมือแตะน้ำนิดหน่อยแล้วเด็ดแป้งใบเตยใส่ลงไปในน้ำกะทิอบควันเทียนหอมๆ เติมน้ำแข็ง พร้อมอร่อย หอม สดชื่นแบบขนมหวานไทยโบราณ ได้เลย.', 'สุมล ว่องวงศรี', 'ของหวาน', 'http://thaifoodanddessert.sytes.net/dessert_recipe/%E0%B8%82%E0%B8%99%E0%B8%A1%E0%B8%AD%E0%B8%B4%E0%B8%99%E0%B8%97%E0%B8%99%E0%B8%B4%E0%B8%A5.png', '2024-12-08 16:31:39', 4.3, 4, '2024-12-18 00:21:17'),
(31, 'ขนมลืมกลืน', 'ส่วนผสมตัวขนม\n1.แป้งถั่วเขียว 70 กรัม\n2.แป้งท้าวยายม่อม 1 ช้อนชา\n3.น้ำตาลทราย 165 กรัม\n4.น้ำเปล่า 620 กรัม\n5.กลิ่นมะลิ 1 ช้อนชา\n6.เกลือป่น 1/8 ช้อนชา\nส่วนผสมหน้ากะทิ\n1.แป้งข้าวเจ้า 2 ช้อนโต๊ะ\n2.แป้งถั่วเขียว 2 ช้อนโต๊ะ\n3.เกลือป่น 1 + 1/4 ช้อนชา\n4.น้ำตาลทราย 1 + 1/2 ช้อนโต๊ะ\n5.กะทิ 225 กรัม\n6.ถั่วเขียวอบเกลือ (ตามชอบ)', '1.นำแป้งถั่วเขียว แป้งท้วยายม่อม น้ำตาลทราย และเกลือ มาผสมกับน้ำเปล่า เติมกลิ่นมะลิ แล้วคนผสมให้แป้งละลายเข้ากันดี\n2.แบ่งส่วนผสมแยกใส่ชาม จำนวนตามสีที่ต้องการ\n3.ใส่สีผสมอาหารตามต้องการ (อย่าใส่เยอะไปเพราะพอแป้งสุกสีจะเข้มขึ้น)\n4.นำแป้งทีละสีมากวน คอยคนอยู่เสมอระวังอย่าให้แป้งไหม้ กวนจนแป้งสุก สังเกตุว่าแป้งจะมีลักษณะใส\n5.ยกกระทะลงจากเตา แล้วนำขนมมาตัดใส่ถ้วยขนาดพอดีคำ (ทำเหมือนเดิมจนได้ขนมครบทุกสี)\n6.ทำหน้ากะทิ เริ่มจาก ผสมกะทิ แป้งถั่วเขียว แป้งข้าวเจ้า น้ำตาลทราย และเกลือ ลงในหม้อ แล้วคนผสมให้เข้ากัน\n7.จากนั้นเปิดเตา และกวนจนกะทิข้นขึ้น และสุกดี ยกลงจากเตา\n8.พักให้กะทิเย็น จากนั้นตักใส่ถุงบีบ แล้วนำมาบีบบนหน้าขนม โรยถั่วเขียวอบเกลือตามชอบ พร้อมรับประทาน', 'สุมล ว่องวงศรี', 'ของหวาน', 'http://thaifoodanddessert.sytes.net/dessert_recipe/%E0%B8%82%E0%B8%99%E0%B8%A1%E0%B8%A5%E0%B8%B7%E0%B8%A1%E0%B8%81%E0%B8%A5%E0%B8%B7%E0%B8%99.jpg', '2024-12-08 16:38:35', 4.3, 4, '2024-12-18 00:20:40'),
(32, 'ข้าวต้มมัดอัญชัญ', '1.ข้าวเหนียว 2 1/2 ถ้วย\n2.กล้วยน้ำว้าผ่า 8 ชิ้น 3 ผล\n3.ถั่วดำแช่น้ำ 1/2 ถ้วย\n4.หัวกะทิ 1 1/2 ถ้วย\n5.น้ำตาลทราย 1 ถ้วย\n6.เกลือป่น 1 ช้อนชา\n7.น้ำอัญชัน 3 ถ้วย\n8.ใบตอง\n9.ตอกไม้ไผ่สำหรับมัด', '1.แช่ข้าวเหนียวลงในน้ำอัญชัน 3 ชั่วโมง กรองเอาน้ำออก\n2.ต้มถั่วดำที่แช่น้ำไว้ 20 นาที พอให้ถั่วสุก ตักขึ้นพักไว้\n3.ตั้งกระทะใส่กะทิ น้ำตาลทราย และเกลือ พอกะทิเริ่มเดือด ใส่ข้าวเหนียวอัญชันลงผัดเข้าด้วยกันจนกะทิแห้ง ตักใส่จาน พักไว้ให้ข้าวเหนียวเย็น\n4.ตัดใบตองซ้อนกัน 2 ชิ้น ใส่ข้าวเหนียวผัด วางกล้วยน้ำว้า ใส่ถั่วดำแล้วตักข้าวเหนียวผัดลงปิดกล้วย ห่อให้สวยงาม ทำ 2 ชิ้นมาประกบกันแล้วมัดด้วยตอกให้แน่น เรียงใส่ลังถึง\n5.นำไปนึ่งในน้ำเดือดประมาณ 1 ชั่วโมง ปิดไฟ', 'สุมล ว่องวงศรี', 'ของหวาน', 'http://thaifoodanddessert.sytes.net/dessert_recipe/%E0%B8%82%E0%B9%89%E0%B8%B2%E0%B8%A7%E0%B8%95%E0%B9%89%E0%B8%A1%E0%B8%A1%E0%B8%B1%E0%B8%94%E0%B8%AD%E0%B8%B1%E0%B8%8D%E0%B8%8A%E0%B8%B1%E0%B8%8D.png', '2024-12-08 16:48:48', 4.2, 4, '2024-12-18 00:20:53'),
(33, 'ปีกไก่เหล้าแดง', '1.ปีกไก่ 1 กิโลกรัม\n2.น้ำมันพืชสำหรับทอด 1 ถ้วยตวง\n3.กระเทียมซอย 2 ช้อนโต๊ะ\n4.น้ำซุป 1 ถ้วยตวง\n5.เหล้า 2 ช้อนโต๊ะ\n6.น้ำตาลทรายแดง 3 ช้อนโต๊ะ\n7.ซีอิ้วขาว 3 ช้อนโต๊ะ\n8.ต้นหอม 10 ต้น', '1.ทอดปีกไก่ที่เตรียมไว้ให้เป็นสีเหลือง\n2.ตักน้ำมันออกให้เหลือ 2 ช้อนโต๊ะ ใส่กระเทียมเจียให้เหลือง ใส่น้ำซุป แล้วใส่หม้อ ใส่ไก่ เหล้า น้ำตาล ซีอิ้วขาว จับเวลา 10 นาที\n3.ทอดหอมทั้งต้นโดยมัดรวมไก่ ใช้น้ำมันที่เหลือจากการทอดปีกไก่ โดยทอดในน้ำมันร้อนจนสุก ตักต้นหอมขึ้นตัดเป็นท่อน\n4.เมื่อครบเวลาเปิดหม้อจัดปีกไก่ใส่จาน พร้อมรับประทาน', 'บุปผา กิตติกุล', 'อาหารคาว', 'http://thaifoodanddessert.sytes.net/maindish_recipe/%E0%B8%9B%E0%B8%B5%E0%B8%81%E0%B9%84%E0%B8%81%E0%B9%88%E0%B9%80%E0%B8%AB%E0%B8%A5%E0%B9%89%E0%B8%B2%E0%B9%81%E0%B8%94%E0%B8%87.jpg', '2024-12-10 23:22:36', 3.8, 4, '2024-12-18 00:14:25'),
(34, 'ข้าวแดกงา', '1.แป้งข้าวเหนียวขาว 150 กรัม\n2.น้ำลอยดอกมะลิ 60 กรัม\n3.เนื้อมะพร้าวทึนทึกขูดฝอย 150 กรัม\n4.น้ำตาลปี๊บ 150 กรัม\n5.ถั่วลิสงคั่วบุบ 45 กรัม\n6.งาดำคั่ว 60 กรัม\n7.งาขาวคั่ว 60 กรัม\n8.เกลือป่น 10 กรัม\n9.ใบตอง 2 – 3 ใบ', '1.เริ่มด้วยการทำไส้ของขนมแดกงา โดยตั้งกระทะใช้ไฟอ่อน ใส่น้ำตาลปี๊บ และน้ำลอยดอกมะลิลงไปกวนให้ละลายเข้ากัน จากนั้นใส่เนื้อมะพร้าวลงไป ผัดต่อไปจนส่วนผสมแห้ง แล้วจึงใส่ถั่วลิสงลงผัดต่อ เมื่อส่วนผสมทั้งหมดแห้งเข้ากันดีแล้ว ให้ตักส่วนผสมพักไว้ให้เย็น\n2.เมื่อไส้ขนมอุ่นพอปั้นได้แล้ว จึงนำไส้ขนมมาปั้น โดยปั้นเป็นลูกกลม ๆ ขนาดประมาณช้อนทานข้าว จากนั้นพักไว้ให้เย็น\n3.จากนั้น เตรียมชามผสม นำแป้งข้าวเหนียวใส่ลงในชามผสม ทยอยใส่น้ำเปล่าลงไปนวดผสมกับตัวงแป้ง นวดให้เข้ากันจนแป้งจับตัวเป็นก้อน นวดแล้วไม่ติดมือถือว่าใช้ได้\nนำแป้งข้าวเหนียวที่นวดไว้ในข้อ 3 มาปั้นเป็นก้อนกลม พอให้ห่อหุ้มไส้ได้ 4.จากนั้นรีดแป้งให้เปแผ่นบาง นำไส้ที่ตรียมไว้ใส่ลงไป จากนั้นห่อแป้งหุ้มไส้ โดยปั้นแป้งให้เป็นทรงกระบอก แล้วนำไปใส่ซึ้งที่รองด้วยใบตองที่ทาน้ำมันแล้ว\n5.ตั้งน้ำในหม้อนึ่งจนน้ำเดือดจัด จากนั้นนำขนมที่เตรียมไว้ไปนึ่ง ใช้เวลานึ่งประมาณ 10 – 15 นาที\n6.นำงาขาว งาดำ และเกลือป่นคลุกเคล้าให้เข้ากันในชามผสม คีบขนมที่นึ่งแล้วมาคลุกเคล้ากับส่วนผสมของงาให้ทั่วชิ้นขนม จากนั้นจัดใส่จาน พร้อมเสิร์ฟ', 'บุปผา กิตติกุล', 'อาหารคาว', 'http://thaifoodanddessert.sytes.net/maindish_recipe/%E0%B8%82%E0%B9%89%E0%B8%B2%E0%B8%A7%E0%B9%81%E0%B8%94%E0%B8%81%E0%B8%87%E0%B8%B2.png', '2024-12-10 23:29:49', 4.3, 4, '2024-12-18 00:14:00'),
(35, 'แกงหน่อไม้', '1.หน่อไม้สด 1 หัว\n2.น้ำใบย่านาง 500 มิลลิลิตร\n3.เห็ดฟาง 100 กรัม\n4.ตะไคร้หั่น 2 ต้นเล็ก\n5.หอมแดง 7 หัว\n6.พริกสด 15-20 เม็ด\n7.ข้าวเบือ (ข้าวเหนียวแช่น้ำ) 1 ช้อนโต๊ะ\n8.ชะอม 1 ถ้วย\n9.ใบมะกรูด 5 ใบ\n10.ใบแมงลัก (ผักอีตู่) 1 ถ้วย\n11.น้ำปลาร้าต้มสุก 5 ช้อนโต๊ะ\n12.ผงชูรส 1 ช้อนโต๊ะ\n13.น้ำปลา 1 ช้อนโต๊ะ', '1.โขลกเครื่องแกง เตรียมครกกับสากมา แล้วตำส่วนผสมทีละอย่าง เริ่มจากตะไคร้หั่น พริกสด หอมแดง ข้าวเบือ โดยตำทุกอย่างให้พอแหลก เป็นชิ้น ๆ และตำให้เข้ากัน\n2.นำหน่อไม้สดมาแกะเปลือกออก\n3.หั่นเป็นชิ้น ๆ หรือ เส้น ๆ ตามชอบ\n4.ตั้งหม้อ ใส่หน่อไม้สด ตามด้วย น้ำเปล่าให้ท่วม ต้มเป็นเวลา 10 นาที เสร็จแล้ว ตักขึ้นพักไว้\n5.ใส่น้ำย่านางลงในหม้อ เคี่ยวให้เดือด จากนั้น นำหน่อไม้สดมาใส่ ต้มต่ออีก 5-8 นาที จนกว่าจะเดือด\n6.ใส่น้ำปลาร้าต้มสุก 5 ช้อนโต๊ะ ต้มต่ออีก 5 นาที\n7.ใส่เครื่องแกงลงไป ต้มต่ออีก 1-2 นาที แล้วใส่เห็ดฟางลงไป\n8.ชิมรสชาติ ใส่น้ำปลา 1 ช้อนโต๊ะ ตามด้วยผงปรุงรสอีก 1 ช้อนชา ต้มต่อจนเดือด\n9.ใส่ใบมะกรูด ชะอม คนให้เข้ากัน ต้มต่อ 10-15 วินาที แล้วใส่ใบแมงลัก (ผักอีตู่) ปิดท้าย ต้มต่ออีกสักพัก ปิดเตาเป็นอันเสร็จ', 'บุปผา กิตติกุล', 'อาหารคาว', 'http://thaifoodanddessert.sytes.net/maindish_recipe/%E0%B9%81%E0%B8%81%E0%B8%87%E0%B8%AB%E0%B8%99%E0%B9%88%E0%B8%AD%E0%B9%84%E0%B8%A1%E0%B9%89.jpg', '2024-12-10 23:34:56', 2.8, 4, '2024-12-18 00:15:01'),
(36, 'ข้าวจี่', '1.ข้าวเหนียวหุงสุก 250 กรัม\n2.เกลือป่น 1/2 ช้อนชา\n3.ไข่ไก่ 2 ฟอง\n4.ซีอิ๊วขาว 1 ช้อนชา\n5.พริกไทยป่น 1/2 ช้อนชา', '1.นำข้าวเหนียวสุกที่ยังอุ่นๆ มานวดด้วยมือเล็กน้อย แล้วจึงปั้นเป็นก้อน ๆ หรือแผ่นกลม หรือแบนๆ ตามใจชอบ แล้วโรยด้วยเกลือป่น\nจากนั้นตีไข่ ซีอิ๊วขาว และพริกไทยป่นให้เข้ากันแล้วพักไว้\n2.สูตรนี้เราจะใช้เตาถ่านในการทำข้าวจี่ โดยวางข้าวเหนียวลงบนตะแกรง หรือวางข้าวเหนียวลงบนกะทะเทฟล่อน แล้วพลิกกลับด้านไปมาจนข้าวเหนียวด้านนอกเริ่มแข็ง\nนำข้าวเหนียวออกมาชุบไข่ที่เราปรุงรสพักเอาไว้แล้วนำไปจี่ต่อ โดยทำซ้ำจนข้าวเหนียวพองตัวและไข่สุกมีสีเหลืองเกรียมเล็กน้อยจึงปิดเตา เท่านี้ก็พร้อมเสิร์ฟแล้วค้าบ', 'บุปผา กิตติกุล', 'อาหารคาว', 'http://thaifoodanddessert.sytes.net/maindish_recipe/%E0%B8%82%E0%B9%89%E0%B8%B2%E0%B8%A7%E0%B8%88%E0%B8%B5%E0%B9%88.jpg', '2024-12-12 01:15:55', 4.7, 4, '2024-12-18 00:13:10'),
(37, 'แกงระแวงเนื้อ', '1.เนื้อวัว 500 กรัม\n2.ตะไคร้ 3 ต้น\n3.หัวกะทิ 2 ถ้วยตวง\n4.หางกะทิ 3 ถ้วยตวง\n5.เกลือ 1/2 ช้อนโต๊ะ\n6.น้ำมันพืช 1 ช้อนโต๊ะ\n7.น้ำปลา 2 ช้อนโต๊ะ\n8.น้ำตาลปี๊บ 1 ช้อนโต๊ะ\n9.พริกชี้หนูเขียวและแดง\n10.พริกแกงเขียวหวาน 200 กรัม\n11.ตะไคร้ซอย 1 ช้อนโต๊ะ\n12.ขมิ้นสดหั่น 2 ช้อนโต๊ะ\n13.พริกไทยป่น 1/2 ช้อนชา', '1.นำหางกะทิขึ้นตั้งไฟ แล้วใส่เกลือลงไป รอกะทิเดือด\nนำเนื้อวัวที่หั่นแล้วลงไป ตามด้วยตะไคร้ ตุ๋นประมาณ 1 ชั่วโมงให้เนื้อนิ่ม\n2.โขลกขมิ้นกับตะไคร้ให้ละเอียด ใส่พริกแกงเขียวหวานลงไป คลุกรวมกันให้ละเอียด\nนำไปผัดกับน้ำมันจนมีกลิ่นหอม ใส่หัวกะทิลงไปเคี่ยวให้แตกมัน\nนำเนื้อที่ตุ๋นไว้ ลงผัดกับกะทิ\n3.ใส่พริกชี้ฟ้า ปรุงรสด้วยน้ำปลา และน้ำตาลปี๊บ\nชิมรส และ จัดเสิร์ฟ', 'บุปผา กิตติกุล', 'อาหารคาว', 'http://thaifoodanddessert.sytes.net/uploads/6759da6cc5702-%E0%B9%81%E0%B8%81%E0%B8%87%E0%B8%A3%E0%B8%B0%E0%B9%81%E0%B8%A7%E0%B8%87%E0%B9%80%E0%B8%99%E0%B8%B7%E0%B9%89%E0%B8%AD.jpg', '2024-12-12 01:21:43', 4.2, 4, '2024-12-18 00:13:28'),
(38, 'แกงเขียวหวานมังคุด', '1.เนื้ออกไก่ 200 กรัม\n2.พริกแกงเขียวหวาน 100 กรัม\n3.กะทิ 300 มิลลิลิตร\n4.น้ำตาลปี๊บ 1 ช้อนโต๊ะ\n5.น้ำปลา 1 ช้อนโต๊ะ\n6.ใบโหระพา 1/2 ถ้วยตวง\n7.มังคุด 50 กรัม\n8.มะเขือเปราะ 50 กรัม\n9.มะเขือพวง 50 กรัม\n10.ใบมะกรูด 10 กรัม\n11.พริกชี้ฟ้าแดง 20 กรัม', '1.นำมังคุดมาปอกเปลือก แล้วนำมีดมาแกะทีละกลีบ แช่น้ำเปล่าที่ผสมมะนาวไว้เพื่อกันดำ\n2.เทกะทิลงไปเล็กน้อย แล้วนำพริกแกงเขียวหวานมาผัดจนแตกมัน\nใส่เนื้ออกไก่ลงไปผัดให้พอสุก จากนั้นเติมกะทิที่เหลือลงไป ตามด้วยมะเขือเปราะ และมะเขือพวงลงไป รอจนกระทั้งเดือด ปรุงรสชาติด้วยน้ำปลา และน้ำตาลปี๊บ คนให้ทุกอย่างเข้ากัน\nเมื่อแกงเดือดอีกครั้งให้ใส่ใบมะกรูดฉีก พริกชี้ฟ้าใบโหระพา และมังคุดที่แกะลงไป คนให้ทุกอย่างเข้ากัน เตรียมเสิร์ฟ\n3.นำ แกงเขียวหวานมังคุด ตักใส่ชาม เสิร์ฟพร้อมข้าวสวยร้อน ๆ เพียงเท่านี้ แกงเขียวหวานมังคุด ของเราก็พร้อมรับประทานแล้วครับ', 'บุปผา กิตติกุล', 'อาหารคาว', 'http://thaifoodanddessert.sytes.net/maindish_recipe/%E0%B9%81%E0%B8%81%E0%B8%87%E0%B9%80%E0%B8%82%E0%B8%B5%E0%B8%A2%E0%B8%A7%E0%B8%AB%E0%B8%A7%E0%B8%B2%E0%B8%99%E0%B8%A1%E0%B8%B1%E0%B8%87%E0%B8%84%E0%B8%B8%E0%B8%94.jpg', '2024-12-12 01:25:56', 3.5, 4, '2024-12-18 00:12:36'),
(39, 'หมูสร่ง', '1.หมูสับ 400 กรัม\n\n2.รากผักชี 3 ราก\n\n3.กระเทียมไทย 3 ช้อนโต๊ะ\n\n4.พริกไทยขาว  1/2 ช้อนชา\n\n5.ไข่ไก่ 1 ฟอง\n\n6.เส้นหมี่ซั่ว 1 ก้อน\n\n7.ลูกผักชี 1/2 ช้อนชา\n\n8.น้ำมันปาล์มสำหรับทอด 3 ถ้วยตวง\n\n9.เกลือ 1 ช้อนชา\n\n10.น้ำตาล 1/2 ช้อนชา\n\n11.น้ำปลา 1 ช้อนชา\n\n12.ผักชีสำหรับตกแต่ง\n\n13.พริกชี้ฟ้าซอยสำหรับตกแต่ง\n\n14.น้ำจิ้มไก่สำหรับกินคู่\n\n15.ผักกาดหอมสำหรับกินคู่', '1.ตำรากผักชี กระเทียม พริกไทยให้เข้ากัน\nนำหมูบดใส่ชามผสม จากนั้นใส่เกลือ น้ำตาล น้ำปลา ไข่ไก่ลงไป ผสมให้เข้ากันก่อนพักไว้\nนำเส้นหมี่ซั่วแช่น้ำประมาณ 10 นาที ก่อนนำขึ้นสะเด็ดน้ำ\n2.ปั้นหมูเป็นก้อนกลม ก่อนนำเส้นหมี่ซั่วจำนวน 4 เส้นพันรอบๆหมู ให้เป็นรูปตะกร้อจากนั้นพักไว้เพื่อเตรียมทอด\n3.ตั้งกระทะใส่น้ำมันปาล์มลงไป เปิดไฟแรง เมื่อน้ำมันร้อนลดเป็นไฟกลาง ก่อนนำหมูโสร่งที่เตรียมไว้ลงทอด และคอยกลับด้านให้สีเหลืองทอง เสร็จแล้วตักขึ้นแล้วนำมาซับน้ำมันด้วยกระดาษทิชชู่ หรือจะพักบนตะแกรงก็ได้ครับ\nจัดเสิร์ฟ ตกแต่งด้วยผักกาดหอม พริกชี้ฟ้าแดงซอย และผักชี', 'บุปผา กิตติกุล', 'อาหารคาว', 'http://210.246.215.199/maindish_recipe/%E0%B8%AB%E0%B8%A1%E0%B8%B9%E0%B8%AA%E0%B8%A3%E0%B9%88%E0%B8%87.jpg', '2024-12-12 01:30:05', 4.3, 4, '2024-12-18 00:12:25'),
(40, 'แตงโมปลาแห้ง', '1.ปลาช่อนแดดเดียว 200 กรัม\n2.หอมเจียว 100 กรัม\n3.น้ำตาลทราย 90 กรัม\n4.แตงโม ตามชอบ', '1.นำปลามาย่างจนสุก พักไว้\nหั่นแตงโมเป็นชิ้นสี่เหลี่ยม\n2.นำปลาย่างมาแกะเนื้อ ไม่เอาหนังและก้าง\nโขลกให้ละเอียด และนำไปคั่วจนแห้ง\nใส่หอมเจียว และน้ำตาลทรายลงไป คนให้เข้ากัน\n3.เรียงแตงโมบนจาน แล้วโรยปลาแห้ง พร้อมเสิร์ฟ', 'บุปผา กิตติกุล', 'อาหารคาว', 'http://thaifoodanddessert.sytes.net/maindish_recipe/%E0%B9%81%E0%B8%95%E0%B8%87%E0%B9%82%E0%B8%A1%E0%B8%9B%E0%B8%A5%E0%B8%B2%E0%B9%81%E0%B8%AB%E0%B9%89%E0%B8%87.jpg', '2024-12-12 01:35:33', 4.5, 4, '2024-12-18 00:11:03'),
(42, 'ขนมขี้มอด', '1.ข้าวสาร(แช่น้ำ 1 ชั่วโมง) 1 ถ้วยตวง\n2.มะพร้าวขูดขาว 3/4 ถ้วยตวง\n3.น้ำตาลทรายขาว 4 ช้อนโต๊ะ\n4.เกลือ 2 ช้อนชา', '1.คั่วมะพร้าวขูด และ ข้าวสารแช่น้ำที่ผึ่งจนแห้งแล้ว (แยกกันคั่ว) จนขึ้นสีน้ำตาล แล้วปรุงรสด้วยเกลือเล็กน้อย\n2. นำข้าวและมะพร้าวขูดที่คั่วแล้วมาโขลกจนพอละเอียด แล้วนำมาผสมกันในกระทะ คั่วจนพอร้อนอีกรอบจึงใส่น้ำตาลทรายลงไป\nคนจนเข้ากันดีแล้วนำขึ้นพักไว้\n3. นำขนมที่ได้มาอบควันเทียนเป็นเวลาหนึ่งคืน\nตักใส่กระดาษที่พับเป็นกรวย พร้อมเสิร์ฟ', 'สุมล ว่องวงศรี', 'ของหวาน', 'http://thaifoodanddessert.sytes.net/dessert_recipe/IMG_4954.jpeg', '2024-12-16 09:15:41', 3.5, 4, '2024-12-18 00:19:54'),
(45, 'ข้าวเหนียวมะม่วง', '1. ข้าวเหนียวเขี้ยวงู 1 กิโลกรัม\n2. น้ำตาลทรายขาว 2 ช้อนโต๊ะ\n3. กะทิ 100% 750 มิลลิลิตร\n4. เกลือ 1 ช้อนชา\n5. ใบเตยสำหรับจัดเสิร์ฟ', '1.นึ่งข้าวเหนียว ซาวข้าวเหนียวเขี้ยวงู และแช่ทิ้งไว้จนครบสามชั่วโมง ตั้งหม้อใส่น้ำสำหรับนึ่ง จากนั้นนำผ้าขาวบางมาปูในซึ้ง ตักข้าวเหนียวที่ซาวไว้ใส่ลงไปโดยเว้นตรงกลางเป็นวงกลม แล้วปิดผ้าขาวบางห่อข้าวเหนียวเอาไว้ นึ่งประมาณ 20 นาที พอครบ 20 นาที ใช้ทัพพีกลับข้าวเหนียวเพื่อให้สุกทั่วถึง แล้วนึ่งต่ออีก 10 นาที\n2.มูนข้าวเหนียว นำ อัมพวา กะทิ 100% น้ำตาลทราย และเกลือป่น เทผสมให้เข้ากัน นำไปตั้งไฟอ่อน ๆ เคี่ยวจนน้ำตาลละลายหมด นำข้าวเหนียวที่นึ่งสุกแล้วใส่ชาม จากนั้นเทน้ำกะทิลงไป คนให้เข้ากัน จากนั้นนำผ้าขาวบางปิดไว้ พักข้าว 30 นาทีเพื่อให้ข้าวเหนียวมูนดูดน้ำกะท\n3.ทำน้ำราดกะทิและจัดเสิร์ฟ นำ อัมพวา กะทิ 100% เกลือ และแป้งข้าวเจ้ามาตั้งไฟอ่อน ๆ หมั่นคนเรื่อย ๆ พอกะทิข้นขึ้น ยกลงพักไว้ ปอกมะม่วงสุกจัดใส่จาน เสิร์ฟพร้อมข้าวเหนียวมูน ราดด้วยน้ำกะทิ เท่านี้ก็พร้อมเสิร์ฟ', 'นาวี', 'ของหวาน', 'http://thaifoodanddessert.sytes.net/dessert_recipe/%E0%B8%82%E0%B9%89%E0%B8%B2%E0%B8%A7%E0%B9%80%E0%B8%AB%E0%B8%99%E0%B8%B5%E0%B8%A2%E0%B8%A7%E0%B8%A1%E0%B8%B0%E0%B8%A1%E0%B9%88%E0%B8%A7%E0%B8%87.png', '2024-12-24 13:00:17', 0, 9, '2024-12-24 13:01:58');

--
-- Triggers `recipe`
--
DELIMITER $$
CREATE TRIGGER `update_recipe_updated_at` BEFORE UPDATE ON `recipe` FOR EACH ROW BEGIN
    SET NEW.updated_at = NOW();
END
$$
DELIMITER ;

-- --------------------------------------------------------

--
-- Table structure for table `reports`
--

CREATE TABLE `reports` (
  `id` int(11) NOT NULL,
  `recipe_id` int(11) NOT NULL,
  `user_id` int(11) NOT NULL,
  `report_text` text NOT NULL,
  `report_date` timestamp NOT NULL DEFAULT current_timestamp()
) ENGINE=InnoDB DEFAULT CHARSET=utf8mb4 COLLATE=utf8mb4_general_ci;

--
-- Indexes for dumped tables
--

--
-- Indexes for table `comments`
--
ALTER TABLE `comments`
  ADD PRIMARY KEY (`id`),
  ADD KEY `recipe_id` (`recipe_id`),
  ADD KEY `user_id` (`user_id`);

--
-- Indexes for table `notifications`
--
ALTER TABLE `notifications`
  ADD PRIMARY KEY (`id`),
  ADD KEY `user_id` (`user_id`);

--
-- Indexes for table `recipe`
--
ALTER TABLE `recipe`
  ADD PRIMARY KEY (`id`);

--
-- Indexes for table `reports`
--
ALTER TABLE `reports`
  ADD PRIMARY KEY (`id`),
  ADD KEY `recipe_id` (`recipe_id`),
  ADD KEY `user_id` (`user_id`);

--
-- AUTO_INCREMENT for dumped tables
--

--
-- AUTO_INCREMENT for table `comments`
--
ALTER TABLE `comments`
  MODIFY `id` int(11) NOT NULL AUTO_INCREMENT, AUTO_INCREMENT=73;

--
-- AUTO_INCREMENT for table `notifications`
--
ALTER TABLE `notifications`
  MODIFY `id` int(11) NOT NULL AUTO_INCREMENT, AUTO_INCREMENT=23;

--
-- AUTO_INCREMENT for table `recipe`
--
ALTER TABLE `recipe`
  MODIFY `id` int(11) NOT NULL AUTO_INCREMENT, AUTO_INCREMENT=46;

--
-- AUTO_INCREMENT for table `reports`
--
ALTER TABLE `reports`
  MODIFY `id` int(11) NOT NULL AUTO_INCREMENT, AUTO_INCREMENT=34;

--
-- Constraints for dumped tables
--

--
-- Constraints for table `comments`
--
ALTER TABLE `comments`
  ADD CONSTRAINT `comments_ibfk_1` FOREIGN KEY (`recipe_id`) REFERENCES `recipe` (`id`),
  ADD CONSTRAINT `comments_ibfk_2` FOREIGN KEY (`user_id`) REFERENCES `user_management`.`users` (`id`);

--
-- Constraints for table `notifications`
--
ALTER TABLE `notifications`
  ADD CONSTRAINT `notifications_ibfk_1` FOREIGN KEY (`user_id`) REFERENCES `user_management`.`users` (`id`) ON DELETE CASCADE;

--
-- Constraints for table `reports`
--
ALTER TABLE `reports`
  ADD CONSTRAINT `reports_ibfk_1` FOREIGN KEY (`recipe_id`) REFERENCES `recipe` (`id`) ON DELETE CASCADE,
  ADD CONSTRAINT `reports_ibfk_2` FOREIGN KEY (`user_id`) REFERENCES `user_management`.`users` (`id`) ON DELETE CASCADE;
COMMIT;

/*!40101 SET CHARACTER_SET_CLIENT=@OLD_CHARACTER_SET_CLIENT */;
/*!40101 SET CHARACTER_SET_RESULTS=@OLD_CHARACTER_SET_RESULTS */;
/*!40101 SET COLLATION_CONNECTION=@OLD_COLLATION_CONNECTION */;
